latitude,longitude,magnitude
43.649418000,-79.371446000,15662
43.650460600,-79.371923900,12960
43.651533700,-79.372360000,17770
43.652717600,-79.372824000,19678
43.653704000,-79.373238000,14487
43.655357000,-79.373862000,15846
43.657052000,-79.374531000,17835
43.660432000,-79.375853700,18196
43.662420000,-79.376707900,14222
43.666289400,-79.378325000,18163
43.668869000,-79.379415800,15197
43.669989200,-79.379922600,16280
43.671577300,-79.380520000,15844
43.648513176,-79.373833537,10467
43.649916400,-79.374409000,12017
43.651173000,-79.374925000,13816
43.652441000,-79.375448000,10374
43.653170000,-79.375754000,13867
43.654817000,-79.376441000,11028
43.656499000,-79.377127000,13764
43.659858000,-79.378522000,13437
43.661871000,-79.379335000,11648
43.665703400,-79.380928000,12231
43.671022400,-79.383123000,18339
43.650653900,-79.377248000,9968
43.651952200,-79.377756000,11767
43.652670300,-79.378066000,10087
43.646846000,-79.376931000,10996
43.647848400,-79.377351000,13620
43.649162400,-79.377904000,10911
43.650419000,-79.378436000,12454
43.651697000,-79.378965000,9390
43.652420900,-79.379276000,10956
43.654066000,-79.379957000,9525
43.656326000,-79.380912000,10925
43.659089700,-79.382096000,10019
43.661368700,-79.383094000,13438
43.664935100,-79.384558000,9051
43.670229000,-79.386767000,14398
43.672879000,-79.387845000,15532
43.675602800,-79.388950000,13870
43.676976200,-79.389534000,10193
43.679139200,-79.390424000,15632
43.682022600,-79.391574000,14363
43.688075000,-79.394098000,20437
43.698297700,-79.396601000,19703
43.702508000,-79.397458000,14040
43.706750100,-79.398311000,23360
43.709554000,-79.398943000,16937
43.711855100,-79.399437000,15456
43.716605000,-79.400452000,19891
43.719554400,-79.401090000,14632
43.721971000,-79.401557000,18003
43.725103100,-79.402193000,24489
43.727864200,-79.402930000,18308
43.730913000,-79.403788000,19161
43.734367700,-79.404585000,24567
43.645996000,-79.379115000,18965
43.647345000,-79.379702000,16188
43.648653000,-79.380268000,15543
43.649876000,-79.380823000,16489
43.651224400,-79.381452000,10403
43.651890000,-79.381698000,15397
43.652965200,-79.382631000,9430
43.655721000,-79.383734000,16598
43.658496000,-79.384865000,19660
43.660813800,-79.385857000,17491
43.664366000,-79.387151000,16636
43.669701000,-79.389468000,19112
43.646638300,-79.383007000,5575
43.647933800,-79.383531000,12474
43.649196000,-79.384074000,14130
43.650500500,-79.384620000,9677
43.645291000,-79.382476000,16857
43.646405400,-79.384076000,18390
43.647655300,-79.384788000,16694
43.648857000,-79.385480000,20740
43.650139600,-79.386240000,20727
43.650827000,-79.386628000,23078
43.654812000,-79.388484000,30191
43.656323000,-79.388959000,26595
43.659847400,-79.390490000,20732
43.663609800,-79.390626000,15472
43.665935300,-79.391879000,12427
43.668685000,-79.394119000,24059
43.714583800,-79.359791000,26029
43.713573000,-79.364752000,19362
43.712562700,-79.369606000,18995
43.711056000,-79.377114000,30378
43.710009300,-79.382221000,16885
43.708416600,-79.390153000,20734
43.707866900,-79.392790000,14372
43.706345800,-79.400252000,15743
43.705106800,-79.406125000,13295
43.704610400,-79.408474000,26329
43.703476100,-79.413880000,14096
43.702713100,-79.417444000,19751
43.702361100,-79.419081000,20620
43.700975700,-79.425534000,20547
43.699824800,-79.430961000,15770
43.698048000,-79.439379000,17430
43.697293200,-79.442789000,17171
43.696242000,-79.447688000,7308
43.695684000,-79.450293000,22212
43.694985000,-79.453476000,9802
43.672136000,-79.395624000,14811
43.674705000,-79.396651000,31510
43.677190000,-79.397579000,16518
43.679547500,-79.398550000,18929
43.684324100,-79.400495000,23332
43.686624000,-79.401479000,29303
43.690773000,-79.403027000,19162
43.693729700,-79.401852000,19054
43.697879800,-79.403231000,14555
43.698761000,-79.406076000,19127
43.710333000,-79.411119000,18012
43.716960000,-79.413444000,22274
43.722240100,-79.415589000,27712
43.727900000,-79.417894000,20920
43.733200000,-79.419510000,22365
43.735910300,-79.420100000,16556
43.739862700,-79.421636000,33867
43.744121000,-79.406724000,38102
43.761514400,-79.410903000,38219
43.769294500,-79.412931000,21274
43.773798000,-79.414034000,20746
43.779790000,-79.415560000,29978
43.787080400,-79.417327000,28482
43.793814500,-79.418991000,25570
43.798049000,-79.420064000,42005
43.674577500,-79.380161000,15595
43.688319600,-79.383542000,16844
43.690374000,-79.383288000,16436
43.693603800,-79.384621200,14138
43.698204600,-79.386448000,19066
43.700322200,-79.386937000,20037
43.704309900,-79.388524000,16260
43.711129000,-79.391181000,16019
43.717882400,-79.394131000,17509
43.722309900,-79.395694000,11213
43.726237038,-79.396790564,16832
43.770604000,-79.186884000,25440
43.767655800,-79.189555000,32159
43.762110100,-79.194732700,23952
43.749649000,-79.205992000,24763
43.743755700,-79.211651000,26434
43.738817000,-79.217042000,21905
43.725113000,-79.232452000,29118
43.721858000,-79.236215000,22911
43.711111000,-79.248196000,21013
43.708769400,-79.249759000,22525
43.703931000,-79.252775000,20066
43.693014100,-79.262326000,13485
43.691469000,-79.264762000,10312
43.687769800,-79.270928000,14473
43.682270900,-79.279219000,12928
43.680807400,-79.284041000,14869
43.680260400,-79.290700000,11564
43.678903000,-79.298010000,16657
43.676950000,-79.304104000,12652
43.673940000,-79.307902000,23556
43.669951000,-79.311169000,11441
43.718239000,-79.240372000,21729
43.672219000,-79.384788000,10903
43.653099000,-79.387585000,23658
43.694104000,-79.366284000,18084
43.666345000,-79.316558000,9821
43.696729800,-79.371732000,22923
43.700960000,-79.373324000,20257
43.704257500,-79.374587000,18168
43.706917800,-79.375617000,13751
43.682571600,-79.399760000,21764
43.657400000,-79.356540000,8869
43.659502000,-79.357445000,6776
43.663687400,-79.359230000,12274
43.665881900,-79.357365000,11198
43.690272700,-79.292675000,11764
43.713900000,-79.377589000,16962
43.649341900,-79.420780000,11860
43.650140500,-79.439714000,13572
43.649445700,-79.424738000,14775
43.649883400,-79.435598000,10205
43.774412500,-79.337132000,9900
43.665693000,-79.491175000,23158
43.665584000,-79.482104000,18021
43.665437600,-79.468576000,9675
43.665388100,-79.464561000,19464
43.734076900,-79.381419000,27993
43.649623300,-79.431438000,14442
43.740245000,-79.232044000,15975
43.738842400,-79.238405000,18352
43.662516500,-79.386370000,11998
43.676982000,-79.447423000,7138
43.690225200,-79.577032328,21314
43.652296000,-79.406015000,15414
43.662597000,-79.364003000,9592
43.648635400,-79.386558000,7279
43.647371000,-79.386050000,8437
43.720980100,-79.378926000,24828
43.643904000,-79.402670000,15478
43.726712000,-79.303485000,23584
43.646303000,-79.366295000,13327
43.641006000,-79.380705000,13737
43.641609300,-79.380953000,24814
43.659109000,-79.328373000,27371
43.655081000,-79.337519000,31363
43.651070100,-79.346973000,10974
43.647757200,-79.361271000,15771
43.645501000,-79.369794000,22735
43.644197000,-79.375860200,10520
43.643170000,-79.377910000,17008
43.642100400,-79.377444000,18261
43.653562000,-79.363581000,9398
43.638474000,-79.392196000,24526
43.636444000,-79.399607000,26327
43.735594000,-79.253201000,20253
43.617291900,-79.487299000,8502
43.705698200,-79.423936000,8121
43.709205700,-79.386196000,14649
43.635866000,-79.401893000,21335
43.634499000,-79.408721000,25571
43.654548800,-79.363998000,14745
43.633386500,-79.434586000,10490
43.669426700,-79.382476000,10905
43.638362000,-79.453530000,30083
43.666059447,-79.393177629,18591
43.636221700,-79.465271000,34804
43.635079000,-79.468076000,37009
43.623005474,-79.481143355,18994
43.614940300,-79.488612000,8705
43.613712000,-79.489287000,7610
43.603628700,-79.493109000,7179
43.601723300,-79.500725000,7960
43.711040775,-79.505969882,26623
43.600006300,-79.508604000,7847
43.598158100,-79.516936000,16881
43.597212100,-79.521281000,15944
43.595329600,-79.529673300,11260
43.594339100,-79.533932000,11202
43.593382000,-79.538092000,13675
43.592354742,-79.542584717,12072
43.591686475,-79.543821216,10946
43.651551400,-79.362731000,14319
43.652720700,-79.363216000,10781
43.655609300,-79.364434000,10563
43.656946400,-79.364973000,8907
43.659443800,-79.365987000,11666
43.661955700,-79.367007000,13840
43.664268600,-79.367958000,8226
43.668161000,-79.369537000,12878
43.672016000,-79.370764000,17264
43.650382000,-79.367892000,13597
43.651281700,-79.368252000,10293
43.652149200,-79.368634000,11996
43.653379600,-79.369114000,14364
43.654531300,-79.369440000,11522
43.658303800,-79.371000000,11697
43.661228000,-79.372218000,15254
43.663196500,-79.373038000,8143
43.667066400,-79.374656000,13302
43.672317400,-79.376838000,15339
43.644754700,-79.384981000,11290
43.646092900,-79.385564000,9034
43.654313000,-79.391437000,10100
43.653810400,-79.393832000,11610
43.649514600,-79.389134000,8831
43.648425800,-79.393259000,9004
43.649152700,-79.390765000,8435
43.647301100,-79.392799000,10387
43.667509800,-79.399815000,12249
43.642707900,-79.393895000,19268
43.645450500,-79.395002000,17090
43.646721800,-79.395533000,16256
43.647901800,-79.396023000,14558
43.648731500,-79.396364000,15709
43.652937100,-79.398015000,11107
43.655859000,-79.399205000,6586
43.657939900,-79.400059000,14353
43.663064600,-79.402104000,17579
43.666655100,-79.403803000,16003
43.670234700,-79.360193000,17633
43.668659600,-79.317522200,11544
43.667827100,-79.322316000,8142
43.667576700,-79.326601000,11219
43.666733700,-79.331711000,7585
43.666163300,-79.334282000,12020
43.665391000,-79.339234000,10320
43.664824500,-79.341597000,13161
43.663931000,-79.343869000,9975
43.663184900,-79.348202000,9276
43.662445600,-79.351357000,11422
43.661190200,-79.358131000,14073
43.676196400,-79.358828000,19400
43.673835500,-79.368120000,16611
43.647197300,-79.403991000,14588
43.640732000,-79.401378000,12726
43.646453000,-79.403717000,11748
43.635709200,-79.403524000,20230
43.656469000,-79.407705000,14329
43.665504500,-79.316201000,12217
43.661559800,-79.329482000,12068
43.661515200,-79.409748000,15337
43.668148100,-79.412374000,19364
43.673140000,-79.414344000,20173
43.679812300,-79.416990000,17065
43.687185000,-79.419939000,17157
43.691917400,-79.421873000,19676
43.705204700,-79.426346000,17781
43.707900800,-79.427022000,20567
43.710496000,-79.427686000,18617
43.712327100,-79.428131000,15498
43.715980600,-79.428973000,19333
43.723083300,-79.430627000,17368
43.724954800,-79.431053000,17900
43.726958100,-79.431513000,12621
43.731534000,-79.432603000,18391
43.733996500,-79.433194000,19525
43.656171100,-79.370091000,9862
43.737360900,-79.434006000,25136
43.665132000,-79.411205000,17508
43.663460400,-79.418837000,9761
43.662501100,-79.423253700,8690
43.661163000,-79.429430900,14725
43.659876500,-79.435333000,20038
43.658346500,-79.442714000,17274
43.656307900,-79.452406000,19755
43.654685600,-79.459966000,24538
43.653515400,-79.465232000,13028
43.652502400,-79.470007000,12170
43.651147800,-79.476227000,14213
43.650263400,-79.480401700,13640
43.649331200,-79.484452000,17570
43.648304000,-79.485695000,18595
43.649642700,-79.495413000,15806
43.650062900,-79.499278000,13797
43.648666500,-79.505433000,21167
43.647343800,-79.511352000,23173
43.644658600,-79.523399000,25266
43.648028900,-79.508356000,13796
43.661970900,-79.425612200,15518
43.677544600,-79.351941000,10312
43.677970400,-79.349668000,11526
43.678417500,-79.347315000,10706
43.678903500,-79.344862000,18115
43.679843300,-79.340118000,13163
43.680404900,-79.337270000,13674
43.681482400,-79.332340000,15446
43.683397900,-79.323565000,19534
43.684655800,-79.317708000,11852
43.685671200,-79.312749000,19125
43.686685600,-79.308555000,12852
43.688158700,-79.301805000,15646
43.689340800,-79.296806000,13932
43.691236600,-79.288311000,21459
43.692320800,-79.283369000,16757
43.693685100,-79.277105000,13682
43.694367800,-79.273638000,16187
43.696986800,-79.263990000,10152
43.692865700,-79.273039000,11986
43.686911500,-79.286560000,18821
43.685154300,-79.294787000,11353
43.683970000,-79.300173000,16181
43.682669500,-79.306033000,8606
43.680857800,-79.310780000,16958
43.678078100,-79.315011000,5543
43.675329200,-79.320299000,10215
43.672893600,-79.319285000,10418
43.670914700,-79.327997000,12563
43.669218100,-79.335596000,11491
43.668130600,-79.340405000,9482
43.667623300,-79.342753000,14270
43.667097500,-79.345175000,9363
43.665479300,-79.352604000,10982
43.714791300,-79.260862000,9900
43.700172900,-79.272720000,8898
43.724859000,-79.253982000,12456
43.735179700,-79.247409000,15225
43.737096300,-79.246256000,22844
43.755537900,-79.245446000,28053
43.674462100,-79.399843000,17560
43.675791900,-79.402557000,15220
43.676832700,-79.410337000,19157
43.676696900,-79.415765000,20361
43.675577500,-79.423041000,12464
43.674695800,-79.430924000,12077
43.674395100,-79.433746000,15267
43.672983800,-79.440961000,19252
43.671558800,-79.448265000,13178
43.671083500,-79.451069000,13876
43.671091300,-79.462297000,8478
43.716862700,-79.259873000,20237
43.753277000,-79.542691300,14923
43.682163300,-79.471576000,16248
43.681591000,-79.476745000,24380
43.743204452,-79.424154460,13653
43.761852000,-79.215817000,18423
43.756654800,-79.240202000,17430
43.710300200,-79.471898000,19469
43.734534000,-79.355951000,28979
43.736490700,-79.346527000,21144
43.737159300,-79.343417000,30555
43.737688400,-79.340967000,22686
43.740785100,-79.324654000,28290
43.699061722,-79.258600473,8736
43.741182400,-79.319245000,27922
43.742111600,-79.309773000,39515
43.743220000,-79.304627000,46260
43.745377600,-79.294750000,36985
43.747500000,-79.284820000,28213
43.748536389,-79.279718846,18751
43.749540000,-79.274930000,33852
43.751570000,-79.265030000,28584
43.753490000,-79.255361000,28408
43.754300000,-79.251530000,16451
43.757730000,-79.235250000,27182
43.707040000,-79.268110000,12128
43.697260000,-79.274810000,15485
43.758170000,-79.233060000,18245
43.759810000,-79.225310000,25775
43.724400000,-79.405600000,16248
43.720860000,-79.422460000,16089
43.719290000,-79.429760000,22429
43.717480000,-79.437700000,15584
43.715600000,-79.446500000,26015
43.714070000,-79.454700000,29053
43.711480000,-79.466580000,26171
43.708710000,-79.478050000,28931
43.706390000,-79.487670000,21351
43.702890000,-79.503770000,25776
43.700140000,-79.516240000,15780
43.698160000,-79.523280000,17799
43.699860000,-79.534200000,18293
43.697080000,-79.546720000,31673
43.694300000,-79.558650000,21477
43.693406808,-79.562481344,14048
43.691600000,-79.570840000,18377
43.700300000,-79.428810000,13794
43.681280000,-79.357670000,9311
43.683910000,-79.356940000,14845
43.688540000,-79.355240000,10153
43.693230000,-79.350260000,20064
43.694710000,-79.343090000,18634
43.695570000,-79.339630000,27109
43.697770000,-79.329470000,19888
43.700150000,-79.319050000,30375
43.705390000,-79.312850000,25974
43.712470000,-79.307440000,14156
43.723380000,-79.302070000,27980
43.724930000,-79.300470000,29192
43.724740000,-79.302640000,33095
43.725660000,-79.297470000,33335
43.717030000,-79.349900000,35069
43.720500000,-79.338880000,45185
43.726020000,-79.313490000,29625
43.727870000,-79.287610000,35905
43.729380000,-79.280700000,19797
43.729990000,-79.277840000,39450
43.731480000,-79.271200000,18929
43.732240000,-79.267970000,29069
43.734550000,-79.258100000,30334
43.736720000,-79.248060000,27971
43.743220000,-79.218930000,18188
43.694140000,-79.457250000,11503
43.693020000,-79.462190000,18790
43.690970000,-79.471490000,14227
43.690170000,-79.475010000,23992
43.686980000,-79.489510000,22533
43.690840000,-79.475390000,15879
43.706940000,-79.305830000,13632
43.708772600,-79.295958400,28021
43.709870000,-79.290930000,24239
43.712040000,-79.280990000,27581
43.714140000,-79.271100000,22253
43.716510000,-79.261320000,18913
43.718730000,-79.251260000,13859
43.676920000,-79.355080000,9921
43.685320000,-79.407890000,11716
43.684620000,-79.411160000,17770
43.683140000,-79.418280000,22508
43.758190000,-79.410130000,39866
43.713560000,-79.399800000,16438
43.655240000,-79.385990000,10171
43.682760000,-79.420150000,14087
43.681700000,-79.425690000,13380
43.680280000,-79.432510000,5493
43.679580000,-79.435780000,15864
43.677950000,-79.443060000,18027
43.676280000,-79.450580000,9082
43.675340000,-79.454760000,17142
43.674210000,-79.460000000,9576
43.673530000,-79.463020000,16915
43.672540000,-79.467620000,23692
43.668970000,-79.483550000,17252
43.667210000,-79.491740000,23568
43.665520000,-79.499190000,18883
43.720870000,-79.241420000,12683
43.688960000,-79.389878000,12494
43.768440000,-79.186200000,15697
43.699290000,-79.519860000,13616
43.723200000,-79.411310000,14040
43.766220000,-79.196420000,18323
43.746100000,-79.291250000,22741
43.725400000,-79.416870000,19834
43.697953000,-79.424341000,16511
43.695290000,-79.423220000,15207
43.686230000,-79.393310000,14736
43.747280000,-79.407440000,27056
43.665910000,-79.407430000,8340
43.668030000,-79.397360000,10868
43.631070000,-79.546900000,22100
43.754340000,-79.314000000,19811
43.713800000,-79.298040000,10590
43.730410000,-79.304980000,13624
43.736300000,-79.307390000,23282
43.747980000,-79.311800000,19147
43.757880000,-79.315220000,26566
43.763030000,-79.317510000,21525
43.717196000,-79.299491000,12265
43.718900000,-79.304530000,13161
43.729340000,-79.510640000,14139
43.658350000,-79.488170000,12477
43.662000000,-79.489650000,10982
43.671690000,-79.493740000,13768
43.676230000,-79.495650000,14196
43.678960000,-79.496850000,14364
43.681110000,-79.497720000,13498
43.691320000,-79.500880000,25124
43.697610000,-79.502370000,17286
43.709260000,-79.505550000,25085
43.715440000,-79.507150000,26241
43.720910000,-79.508610000,28996
43.739420000,-79.513190000,22149
43.757270000,-79.517760000,31117
43.775490000,-79.521680000,33610
43.686790000,-79.595520000,20332
43.642920000,-79.407670000,11450
43.642050000,-79.411940000,13533
43.638970000,-79.427360000,13926
43.637180000,-79.436020000,12167
43.674720000,-79.392870000,15594
43.652040000,-79.402270000,9481
43.658890000,-79.349820000,10844
43.660521200,-79.342476800,11325
43.661080000,-79.340070000,12361
43.662690000,-79.332790000,8225
43.663270000,-79.330210000,8546
43.668780000,-79.305800000,17305
43.670500000,-79.298000000,15374
43.670980000,-79.295740000,10618
43.672690000,-79.287560000,9048
43.648060000,-79.399660000,7737
43.646020000,-79.409930000,7820
43.644740000,-79.416280000,11185
43.644204000,-79.418862000,11628
43.643510000,-79.422400000,10043
43.699310906,-79.433394670,17549
43.638710000,-79.446190000,11428
43.639530000,-79.459480000,14367
43.637770000,-79.466450000,16297
43.637210000,-79.469830000,18547
43.630410000,-79.484220000,19213
43.629060000,-79.490310000,25901
43.626350000,-79.502580000,23495
43.625340000,-79.507220000,22298
43.623640000,-79.514780000,41090
43.620980000,-79.526730000,33000
43.804090000,-79.336300000,15009
43.617770000,-79.540850000,20873
43.636270000,-79.409610000,11246
43.668350000,-79.382030000,9670
43.644930000,-79.456260000,14077
43.648660000,-79.457780000,14984
43.658320000,-79.461500000,14910
43.663660000,-79.463750000,17195
43.683380000,-79.480290000,22850
43.684260000,-79.484010000,7904
43.688670000,-79.494170000,8253
43.696240000,-79.508170000,6704
43.700630000,-79.517770000,6855
43.701050000,-79.519440000,9568
43.703040000,-79.525360000,9201
43.706350000,-79.532290000,20337
43.711880000,-79.535450000,28448
43.714830000,-79.536650000,31921
43.716971225,-79.537486813,16101
43.733760000,-79.538240000,19786
43.752100000,-79.542420000,33275
43.684930000,-79.472780000,9466
43.694360000,-79.474790000,11967
43.699450000,-79.475950000,16893
43.702930000,-79.476730000,14349
43.714800000,-79.479420000,20077
43.721220000,-79.480900000,33776
43.724385000,-79.481597000,32531
43.726702000,-79.482042000,37314
43.730339300,-79.482902000,20253
43.733587000,-79.483670000,19865
43.744786600,-79.486324000,28633
43.763480600,-79.490976000,14038
43.781523000,-79.494495000,39154
43.688734700,-79.402311000,21501
43.715620000,-79.305035000,10868
43.652553800,-79.432536000,14803
43.655210500,-79.433568000,10922
43.665828600,-79.437886000,12163
43.668472100,-79.439014000,21475
43.682370800,-79.444848000,12149
43.685555800,-79.446104000,18229
43.688628000,-79.447385000,12682
43.700751700,-79.451768000,22169
43.707002100,-79.453212000,19806
43.720449000,-79.456104000,19721
43.721750700,-79.456413000,24404
43.726972600,-79.457655000,27257
43.732080700,-79.458897000,19454
43.768870300,-79.466898000,35560
43.787267200,-79.470123000,37360
43.709984100,-79.334385000,32000
43.716545700,-79.337275000,25442
43.719190900,-79.603470000,18772
43.727637400,-79.340813000,24273
43.740850000,-79.344418000,26186
43.732251000,-79.342103000,22907
43.755792700,-79.347046000,36703
43.775086500,-79.347030000,38172
43.787345600,-79.353004000,22979
43.779100200,-79.348727000,21140
43.734582800,-79.447200000,21511
43.751659200,-79.456729000,32661
43.755336500,-79.459920000,5324
43.752013800,-79.488128000,11576
43.761754600,-79.347221000,23590
43.701965600,-79.508309000,12971
43.622653100,-79.519097000,15888
43.738979200,-79.539462800,12974
43.741793800,-79.225156000,18274
43.754840000,-79.408840000,42568
43.651196300,-79.445285000,13636
43.710968100,-79.285930000,16009
43.697210000,-79.349140000,19015
43.736430700,-79.381904000,28651
43.748064100,-79.384143000,26296
43.754816300,-79.385527000,19359
43.761921200,-79.386856000,34224
43.764483000,-79.387379000,38081
43.766624400,-79.388044000,48835
43.774346700,-79.389797000,21680
43.784989100,-79.392235000,37045
43.792339200,-79.393624000,25686
43.803251400,-79.396314000,37327
43.788038800,-79.392735000,19775
43.693593000,-79.297270000,8060
43.702292300,-79.296947000,7243
43.694867100,-79.304747000,8472
43.688820000,-79.325838000,9053
43.686891200,-79.334692000,8093
43.685836000,-79.339519000,7811
43.692772600,-79.315855000,14660
43.690596600,-79.326553000,12385
43.688642600,-79.335443000,10268
43.687604900,-79.340228000,12339
43.685721000,-79.347638600,16061
43.696434100,-79.317420000,13743
43.694137900,-79.328003000,13156
43.692034700,-79.337723000,8030
43.691133800,-79.341670000,13087
43.689392200,-79.348810000,13186
43.741497300,-79.435020000,15664
43.747241600,-79.436456000,18000
43.755452700,-79.438452000,28885
43.762444200,-79.440171000,12940
43.768603900,-79.441657000,17483
43.773856700,-79.442978000,35888
43.781068700,-79.444810000,25127
43.785938000,-79.446008000,21721
43.792450000,-79.445714000,36119
43.707478000,-79.343608000,17874
43.705011000,-79.349824000,14180
43.710376000,-79.363498000,15150
43.703231000,-79.360591000,22733
43.704803000,-79.368108000,7982
43.703575100,-79.364372700,5206
43.702467000,-79.361576000,8873
43.701900000,-79.358090000,15467
43.701960000,-79.352880000,23732
43.737418400,-79.302269500,11729
43.703690000,-79.277480000,8457
43.721518400,-79.285010700,16573
43.772980000,-79.272970000,19487
43.769430000,-79.282260000,29981
43.759088900,-79.310219200,24438
43.761270000,-79.300720000,38566
43.763470000,-79.291370000,32431
43.765870000,-79.281090000,28790
43.767990000,-79.271110000,25211
43.770130000,-79.261280000,24054
43.772200000,-79.251490000,29600
43.774420000,-79.241710000,20222
43.793900000,-79.238760000,31662
43.776450000,-79.231740000,30563
43.773510000,-79.230660000,18729
43.757850000,-79.224690000,15767
43.634210000,-79.519100000,19564
43.651410000,-79.526390000,31272
43.662420000,-79.531160000,17332
43.668390000,-79.533830000,18172
43.679860000,-79.538980000,32669
43.683200000,-79.540500000,16055
43.688640000,-79.542860000,20731
43.708160000,-79.551760000,26521
43.711430000,-79.553280000,25740
43.713770000,-79.554910000,20171
43.716960000,-79.555970000,17107
43.723180000,-79.558880000,16084
43.737270000,-79.565310000,28222
43.713360000,-79.559720000,14706
43.785350000,-79.193370000,17062
43.703970000,-79.411670000,10687
43.677250000,-79.471870000,16442
43.811650000,-79.323390000,16977
43.725140000,-79.550510000,15959
43.625260000,-79.528450000,23183
43.631540000,-79.531020000,20231
43.651010000,-79.539330000,17805
43.659880000,-79.543230000,15208
43.670120000,-79.547730000,12983
43.677250000,-79.550900000,31302
43.685640000,-79.554680000,15510
43.704910000,-79.563470000,20664
43.711730000,-79.566700000,32041
43.728140000,-79.574650000,9940
43.739700000,-79.580330000,24839
43.608360000,-79.558630000,16464
43.740880000,-79.357450000,16088
43.746000000,-79.358500000,21689
43.758730000,-79.361280000,23421
43.752710000,-79.451900000,21079
43.758970000,-79.422540000,13952
43.764030000,-79.399680000,18332
43.767860000,-79.383140000,22684
43.769250000,-79.376630000,18538
43.771690000,-79.364160000,43601
43.773770000,-79.353330000,18536
43.776280000,-79.341120000,31362
43.775890000,-79.337750000,37615
43.775270000,-79.323010000,27789
43.776530000,-79.317750000,23952
43.778750000,-79.307890000,27706
43.781090000,-79.298100000,27624
43.783300000,-79.288240000,34649
43.767260000,-79.363650000,36440
43.763840000,-79.361920000,39785
43.752970000,-79.359950000,34929
43.758930000,-79.334030000,20345
43.760700000,-79.327757000,15574
43.769472089,-79.320535548,27582
43.766940000,-79.319180000,35267
43.771566534,-79.304899276,31051
43.769030000,-79.303660000,31679
43.606042400,-79.547140800,19000
43.601690000,-79.545230000,15384
43.607220000,-79.520740000,16598
43.615890000,-79.524610000,27591
43.596430000,-79.524970000,10258
43.600710000,-79.518000000,9660
43.710580000,-79.379650000,16650
43.678450000,-79.440840000,7611
43.604850000,-79.498970000,3813
43.608160000,-79.500340000,3348
43.698700000,-79.436430000,26562
43.612260000,-79.496720000,6453
43.616966678,-79.518828392,13910
43.618400000,-79.511330000,16371
43.660700000,-79.510400000,19911
43.648800000,-79.528730000,20467
43.632150000,-79.544770000,26144
43.636130000,-79.540110000,24546
43.696180000,-79.532710000,13369
43.682320000,-79.526560000,27112
43.676860000,-79.505950000,10743
43.680810000,-79.508810000,12700
43.683930000,-79.511350000,27560
43.648810000,-79.548970000,15923
43.674510000,-79.563210000,30870
43.683340000,-79.567120000,10236
43.692920000,-79.571520000,13000
43.701980000,-79.575600000,11866
43.713880000,-79.581060000,21340
43.741980000,-79.594240000,24263
43.636950000,-79.556700000,29287
43.635640000,-79.562300000,22993
43.692260000,-79.567710000,21135
43.720370000,-79.537460000,19649
43.689020000,-79.460540000,7984
43.698460000,-79.463510000,17695
43.697030000,-79.467950000,9947
43.687150000,-79.438680000,13218
43.683110000,-79.458010000,16541
43.682790000,-79.463310000,9706
43.689930000,-79.435750000,6617
43.692660000,-79.440820000,12014
43.709000000,-79.443780000,13277
43.702270000,-79.441080000,13325
43.788670000,-79.409930000,16804
43.781650000,-79.407090000,24035
43.761080000,-79.499970000,19759
43.754930000,-79.528610000,35518
43.753310000,-79.536250000,34065
43.749990000,-79.552270000,23803
43.776510000,-79.430230000,17028
43.717740000,-79.523030000,14275
43.736620000,-79.437850000,15426
43.723410000,-79.496800000,14784
43.653900000,-79.358500000,15431
43.656650000,-79.348860000,13578
43.657870000,-79.341377000,10832
43.658420000,-79.338940000,13597
43.648190000,-79.354750000,10659
43.643940000,-79.368970000,7542
43.723050000,-79.339560000,25791
43.695230000,-79.487610000,8060
43.676480000,-79.308940000,10426
43.659210000,-79.393450000,11346
43.657430000,-79.403180000,10055
43.658700000,-79.395980000,13259
43.655000000,-79.415610000,7478
43.654430000,-79.422680000,13223
43.653640000,-79.426380000,11340
43.651000000,-79.440020000,11489
43.646360000,-79.449030000,6002
43.651520000,-79.451040000,8973
43.662270000,-79.405970000,8846
43.659960000,-79.417470000,9549
43.658540000,-79.424310000,11364
43.662100000,-79.397600000,5840
43.664110000,-79.398410000,10431
43.664700000,-79.395720000,6686
43.674880000,-79.407110000,20652
43.671650000,-79.421560000,15016
43.670110000,-79.429040000,15570
43.669730000,-79.432730000,15077
43.666750000,-79.446420000,18677
43.665760000,-79.451260000,13417
43.662880000,-79.469240000,10236
43.660060000,-79.479970000,12443
43.663820000,-79.481340000,7148
43.667171800,-79.431698200,7058
43.667960000,-79.428130000,8371
43.662356100,-79.444427100,10502
43.688690000,-79.412650000,8695
43.699010000,-79.417040000,9339
43.711490000,-79.401250000,7313
43.718891000,-79.403949000,6313
43.790260000,-79.418130000,24599
43.728210000,-79.477750000,17962
43.764070000,-79.205630000,15279
43.743240000,-79.245030000,13257
43.687300000,-79.398000000,11639
43.735740000,-79.529340000,10062
43.785370000,-79.278550000,24715
43.782140000,-79.293460000,14419
43.771940000,-79.321550000,31063
43.611250000,-79.546720000,14078
43.610558438,-79.549338547,13799
43.663010000,-79.383760000,8449
43.790050000,-79.368120000,29661
43.792680000,-79.354720000,32467
43.755970000,-79.524280000,36041
43.785500000,-79.310940000,20990
43.799150000,-79.395160000,16921
43.710710000,-79.454010000,17383
43.643357000,-79.572447600,20486
43.644630000,-79.567200000,26965
43.661630000,-79.337670000,8561
43.767620000,-79.228330000,15510
43.781830000,-79.233930000,31295
43.657110000,-79.555190000,13280
43.691980000,-79.465350000,14756
43.628949683,-79.555132846,20729
43.627990154,-79.559091566,28800
43.627380000,-79.562370000,28100
43.716990000,-79.313310000,8166
43.723720000,-79.275310000,10556
43.735227000,-79.279862000,17228
43.615012746,-79.552462344,31020
43.696940000,-79.559840000,13903
43.778535000,-79.222234000,13183
43.770270000,-79.460710000,16903
43.697780000,-79.256580000,10822
43.611920000,-79.543790000,13636
43.609060958,-79.548308551,17551
43.703870000,-79.452460000,16771
43.671390000,-79.390170000,11870
43.673090000,-79.390840000,15657
43.769590000,-79.346500000,21973
43.760160000,-79.322010000,11826
43.783940000,-79.445530000,24124
43.670558100,-79.426597600,11994
43.782680000,-79.204970000,10871
43.726060000,-79.586690000,10638
43.660700000,-79.360460000,8486
43.631370000,-79.552390000,13881
43.684510000,-79.498810000,29408
43.775160000,-79.331220000,20361
43.671880000,-79.571280000,17176
43.628990000,-79.516970000,18102
43.657420000,-79.381340000,4591
43.639040000,-79.547760000,14424
43.616470000,-79.546250000,28554
43.612350000,-79.562660000,28233
43.657290000,-79.384380000,12509
43.751960000,-79.297390000,19109
43.630410000,-79.549830000,26788
43.754710000,-79.352020000,20963
43.614250000,-79.556180000,26239
43.703400000,-79.425900000,15765
43.776260650,-79.285373477,34082
43.773134016,-79.284070759,36406
43.668690000,-79.386090000,12471
43.665880000,-79.368610000,8778
43.608990000,-79.556420000,13646
43.632054600,-79.575145700,11986
43.667630030,-79.590775204,22639
43.666130000,-79.587600000,24741
43.773120000,-79.305290000,23944
43.757450000,-79.489500000,15375
43.609430000,-79.560280000,13642
43.630456000,-79.419834000,24528
43.777610000,-79.226600000,13956
43.741540000,-79.314210000,27327
43.750730000,-79.516070000,14032
43.808560000,-79.372450000,28358
43.805600000,-79.385780000,21204
43.654990000,-79.564230000,11853
43.653020000,-79.572550000,13816
43.789640000,-79.258830000,34425
43.782723460,-79.255451560,38670
43.779600000,-79.254112000,34231
43.719320000,-79.294910000,19646
43.707770000,-79.533540000,17286
43.706650000,-79.504810000,16819
43.682600000,-79.327140000,11318
43.759980000,-79.410520000,33436
43.611560000,-79.522540000,10565
43.746250000,-79.568600000,24836
43.646330000,-79.560040000,20250
43.645854747,-79.561867640,27046
43.645080301,-79.565149937,26578
43.765440000,-79.248940000,18068
43.801320000,-79.370710000,18360
43.687960000,-79.586810000,23800
43.673944029,-79.567555215,30975
43.701340000,-79.548660000,19941
43.775260000,-79.493990000,16169
43.779560000,-79.232960000,25842
43.767230000,-79.302790000,25357
43.753250000,-79.276290000,19566
43.748820000,-79.557680000,17376
43.758080000,-79.513390000,19264
43.747110000,-79.515110000,14932
43.662280000,-79.314840000,18465
43.681930000,-79.474200000,10522
43.778310000,-79.365300000,14692
43.801060000,-79.406240000,20094
43.768840000,-79.520390000,17925
43.670480000,-79.394780000,12869
43.747820000,-79.244500000,13354
43.783869404,-79.234925385,32856
43.787025152,-79.236202931,34942
43.761920000,-79.518810000,13856
43.724900000,-79.509580000,18009
43.678560000,-79.544920000,23515
43.642600000,-79.575920000,18979
43.751040000,-79.222240000,14181
43.769830000,-79.218670000,9156
43.757082954,-79.341368079,18501
43.765460000,-79.440870000,18638
43.770880000,-79.442220000,17649
43.729630000,-79.432130000,18651
43.696560000,-79.290460000,9902
43.770627600,-79.176257800,11211
43.668220000,-79.388850000,13272
43.695850000,-79.552110000,15838
43.799260000,-79.414440000,20904
43.790450000,-79.302270000,14889
43.727400000,-79.252630000,10665
43.625647997,-79.486155039,17018
43.745070000,-79.219700000,12478
43.741320000,-79.415220000,16712
43.736810000,-79.591700000,19690
43.658207000,-79.377824200,7288
43.789270000,-79.329570000,16025
43.752750000,-79.259190000,17937
43.760070000,-79.246861000,15117
43.771300000,-79.255660000,16361
43.772330000,-79.450930000,18577
43.789180000,-79.373280000,18138
43.767860000,-79.471480000,24099
43.741170000,-79.589200000,26513
43.759300000,-79.507920000,16540
43.672190000,-79.406020000,9574
43.716730000,-79.441340000,18684
43.760330000,-79.222970000,19547
43.758760000,-79.230430000,17512
43.754860000,-79.517070000,16393
43.734580000,-79.511900000,16273
43.706110000,-79.389240000,15587
43.741570000,-79.501490000,18208
43.689690000,-79.477170000,16064
43.783760000,-79.366540000,16128
43.727520000,-79.229740000,22778
43.770303050,-79.371466764,21304
43.793170000,-79.331410000,26024
43.633592290,-79.570753276,11386
43.767460000,-79.239140000,11683
43.604280000,-79.533720000,8574
43.661800000,-79.369690000,7438
43.787400000,-79.257260000,28954
43.801300000,-79.296600000,30023
43.670350000,-79.455780000,8170
43.677430000,-79.408110000,9984
43.681100000,-79.428850000,9785
43.714140000,-79.245080000,17421
43.786620000,-79.300660000,15129
43.732100000,-79.224560000,26019
43.765215000,-79.259562000,13790
43.765900000,-79.270540000,14217
43.708580000,-79.410430000,21408
43.733100000,-79.289710000,19235
43.794811669,-79.196713164,19394
43.772890000,-79.166320000,7019
43.697010000,-79.285370000,5145
43.796830000,-79.315760000,27622
43.681400000,-79.552800000,10865
43.726710000,-79.330830000,11935
43.811200000,-79.360770000,32248
43.799630000,-79.354130000,19210
43.785430000,-79.350780000,8216
43.782770000,-79.349140000,7659
43.785500000,-79.353490000,9179
43.782270000,-79.352240000,9444
43.748230000,-79.346340000,23292
43.744680793,-79.345645328,18691
43.777150000,-79.347830000,20633
43.697940000,-79.451130000,15619
43.682080000,-79.329750000,9904
43.755600000,-79.474200000,20182
43.796520000,-79.369510000,12763
43.727420000,-79.265890000,9064
43.781680000,-79.320150000,16120
43.746000000,-79.209370000,26512
43.747027000,-79.388996000,12287
43.627130000,-79.487720000,16768
43.620500000,-79.549420000,16992
43.737470000,-79.270110000,14179
43.747580000,-79.199270000,6900
43.791980000,-79.358060000,19290
43.783579000,-79.299347000,17280
43.762620000,-79.493630000,9679
43.657300000,-79.447900000,10753
43.657140000,-79.434290000,11740
43.670130000,-79.413140000,13678
43.651460000,-79.579470000,12986
43.717690000,-79.539080000,20352
43.790270000,-79.354170000,19656
43.667900000,-79.465540000,15871
43.642982449,-79.531013296,12936
43.786270000,-79.386630000,16862
43.726760000,-79.552030000,13737
43.775340000,-79.263150000,23949
43.666580000,-79.419620000,6708
43.696780000,-79.445290000,10655
43.696561511,-79.475508870,10404
43.674000000,-79.494730000,12934
43.743130000,-79.514130000,13425
43.745479500,-79.396423000,12160
43.751477000,-79.370436000,14817
43.742550000,-79.261430000,10276
43.757960000,-79.267430000,13229
43.779810000,-79.217140000,11223
43.760560000,-79.386630000,27623
43.759380000,-79.278640000,21548
43.780370000,-79.325380000,16456
43.707560000,-79.578170000,13117
43.674760000,-79.457670000,9478
43.639380000,-79.521210000,16575
43.621950000,-79.522350000,17377
43.647880000,-79.390280000,10620
43.765280000,-79.482960000,18368
43.794380000,-79.325970000,21995
43.662990000,-79.436660000,12075
43.703870000,-79.441730000,10447
43.753975113,-79.532959650,35320
43.748240000,-79.541600000,14428
43.646990000,-79.401110000,6624
43.746400000,-79.263060000,11315
43.766580000,-79.412200000,26555
43.763280000,-79.411350000,20571
43.777010000,-79.414820000,17603
43.735400000,-79.561340000,14391
43.719138562,-79.258471727,10444
43.639350000,-79.564810000,9300
43.722650000,-79.332020000,35276
43.723610000,-79.328520000,34213
43.807050000,-79.356840000,17033
43.802030000,-79.199790000,20063
43.787600000,-79.268300000,26138
43.797041000,-79.283447000,16513
43.795170000,-79.293430000,26869
43.789290000,-79.194340000,20086
43.798060000,-79.333620000,12138
43.629310000,-79.579800000,13528
43.796060000,-79.429260000,31286
43.706350000,-79.251270000,19226
43.662090000,-79.353070000,9504
43.778050000,-79.390590000,19544
43.777750000,-79.324150000,18291
43.774860000,-79.364610000,15715
43.702020000,-79.420890000,14444
43.725270000,-79.264970000,8652
43.712770000,-79.460880000,16614
43.719690000,-79.314500000,11486
43.711920000,-79.373070000,19076
43.690400000,-79.498690000,7467
43.741260000,-79.513670000,16322
43.734740000,-79.533940000,13949
43.744270000,-79.435690000,16394
43.716810000,-79.527090000,15883
43.706530000,-79.294970000,13423
43.732020000,-79.589420000,12545
43.697893248,-79.573958750,15019
43.700072026,-79.574768543,13660
43.685880000,-79.528150000,11858
43.771490000,-79.402810000,9891
43.725280000,-79.457260000,23906
43.799010000,-79.305960000,22979
43.690440000,-79.530140000,10962
43.748720000,-79.454880000,19247
43.796150000,-79.227540000,11802
43.815720000,-79.341350000,37189
43.655770000,-79.411400000,8941
43.793550000,-79.336970000,20707
43.663530000,-79.400050000,8554
43.654410000,-79.398640000,8810
43.769400000,-79.388670000,23558
43.727100000,-79.560740000,11624
43.757489000,-79.543706800,12810
43.774060000,-79.183140000,17751
43.781650000,-79.416000000,24802
43.646070000,-79.392300000,9780
43.651850000,-79.436400000,12364
43.657030000,-79.405170000,9614
43.773360000,-79.531800000,24513
43.743010000,-79.600060000,12828
43.715884222,-79.445178211,25170
43.716261808,-79.443415941,22596
43.739140000,-79.605330000,16961
43.699280000,-79.587080000,26115
43.717260000,-79.595690000,23934
43.730420000,-79.601490000,31536
43.734150000,-79.603150000,28436
43.744300000,-79.607600000,26181
43.797120000,-79.305140000,12495
43.769153800,-79.182842000,11358
43.800670000,-79.307050000,13557
43.758670000,-79.439240000,18845
43.761090000,-79.413170000,21536
43.798405400,-79.273385200,22022
43.773440000,-79.262410000,17772
43.749150000,-79.515620000,15750
43.759840000,-79.490070000,11983
43.719420000,-79.570370000,9276
43.785420000,-79.256520000,33357
43.808060000,-79.266450000,20529
43.807230000,-79.270390000,15835
43.805720000,-79.277360000,21864
43.804710000,-79.282140000,16079
43.803800000,-79.286290000,24535
43.795092786,-79.341460710,28085
43.794685853,-79.345865094,26267
43.793650000,-79.350420000,27994
43.761906300,-79.183615300,7032
43.811930000,-79.357620000,25166
43.796000000,-79.319330000,19531
43.746205700,-79.305811500,9199
43.774920000,-79.177960000,18991
43.776500000,-79.173610000,18824
43.816870000,-79.336540000,50332
43.819680000,-79.324420000,41078
43.823710000,-79.307050000,36162
43.757080000,-79.199290000,20605
43.750770000,-79.437330000,17288
43.786560000,-79.188420000,9644
43.780870000,-79.469830000,21972
43.775200000,-79.468450000,33369
43.752280000,-79.568310000,12616
43.760050000,-79.571760000,15248
43.762170000,-79.408250000,22020
43.798970000,-79.146270000,24307
43.794830754,-79.152737542,12030
43.789580000,-79.237050000,27266
43.754740000,-79.568820000,12551
43.780480000,-79.412310000,17182
43.778160000,-79.422980000,16970
43.699780000,-79.601460000,8605
43.764360000,-79.574800000,25650
43.766590000,-79.564820000,29911
43.702610000,-79.562340000,12519
43.709160000,-79.565500000,15334
43.716700000,-79.582400000,11430
43.765920000,-79.519680000,17278
43.779270000,-79.504320000,22202
43.754490000,-79.488750000,15665
43.752860000,-79.482740000,15542
43.792200000,-79.313860000,16559
43.797550000,-79.312320000,17950
43.795869015,-79.143703960,16226
43.808410000,-79.170820000,13970
43.772890000,-79.448220000,16149
43.798160000,-79.217650000,20370
43.747790000,-79.562380000,20464
43.736050000,-79.594910000,13898
43.644470000,-79.400080000,9793
43.764857800,-79.545346000,11106
43.726360000,-79.535590000,19958
43.779650000,-79.345730000,8962
43.790840000,-79.453230000,22189
43.788700000,-79.463260000,23916
43.784720000,-79.481040000,17170
43.770970000,-79.543430000,19719
43.791820000,-79.368430000,10557
43.761070000,-79.465160000,27132
43.758478000,-79.538961800,9875
43.730380000,-79.468100000,16482
43.733400000,-79.452810000,22487
43.664630000,-79.413630000,8424
43.798540000,-79.241040000,25209
43.796360000,-79.327160000,13279
43.804140000,-79.330720000,17399
43.780620000,-79.276120000,13358
43.798691000,-79.262554000,22286
43.792057492,-79.259832948,25052
43.765110000,-79.394700000,20617
43.722770000,-79.598130000,22584
43.736980000,-79.523760000,18468
43.740350000,-79.506880000,12300
43.774700000,-79.326690000,19805
43.686503332,-79.599612257,16895
43.783885000,-79.327060000,15182
43.810680000,-79.339190000,15742
43.766500000,-79.477520000,18266
43.746820000,-79.583750000,11375
43.736950000,-79.484530000,18559
43.759630000,-79.589900000,22401
43.813020000,-79.243080000,33428
43.814270000,-79.237130000,16875
43.752633422,-79.408382899,25567
43.826010000,-79.297310000,21533
43.812429614,-79.355316898,36241
43.814000000,-79.348620000,56432
43.801499443,-79.318739623,16630
43.825360000,-79.300070000,26409
43.662540000,-79.325230000,8061
43.648220000,-79.388660000,9502
43.687470000,-79.305100000,11931
43.755870000,-79.288230000,16383
43.664090000,-79.416030000,8630
43.660505000,-79.432420900,11442
43.693910000,-79.449490000,13213
43.670460000,-79.439870000,12661
43.653360000,-79.396120000,7630
43.650730000,-79.413930000,9436
43.649860000,-79.418270000,9477
43.743670000,-79.603920000,14691
43.780210000,-79.243890000,14928
43.675660000,-79.557680000,20137
43.728910000,-79.255680000,6306
43.770510000,-79.330900000,9725
43.685170000,-79.315250000,10799
43.758980000,-79.257130000,12594
43.717790000,-79.255750000,10502
43.746860000,-79.287920000,22092
43.716200000,-79.282750000,13550
43.737890000,-79.291670000,16237
43.806370000,-79.320950000,24583
43.762880000,-79.211030000,13750
43.770320000,-79.546590000,18994
43.683980000,-79.392370000,14101
43.690086528,-79.394876808,17192
43.696140000,-79.396200000,16106
43.742530000,-79.222100000,13379
43.693942400,-79.284068400,5109
43.728550700,-79.298595500,11794
43.748300000,-79.482770000,12836
43.749800000,-79.378740000,13537
43.750554000,-79.374864000,13444
43.798980000,-79.370130000,11869
43.639250000,-79.584320000,22625
43.704670000,-79.464780000,11131
43.717770000,-79.468140000,9072
43.655190000,-79.419010000,8708
43.670740000,-79.453230000,9648
43.653880000,-79.451810000,8966
43.645240000,-79.531970000,12467
43.699020000,-79.435020000,26378
43.705670000,-79.403730000,14011
43.681110000,-79.532890000,19243
43.609940000,-79.552120000,11843
43.661060000,-79.412160000,8469
43.603290000,-79.506290000,6801
43.606770000,-79.506600000,8332
43.613750000,-79.508450000,10698
43.675670000,-79.537090000,16131
43.655760000,-79.487100000,10251
43.690150000,-79.500590000,13368
43.699570000,-79.502870000,15874
43.717870000,-79.480090000,22227
43.646620000,-79.389760000,10325
43.641740498,-79.535558211,19184
43.603980000,-79.519330000,10857
43.635473167,-79.532937570,19812
43.601310000,-79.503010000,8224
43.600830000,-79.505250000,16130
43.718520000,-79.432950000,17809
43.622520000,-79.540600000,11356
43.678410000,-79.464810000,9529
43.642220000,-79.428630000,14622
43.641070000,-79.434510000,7262
43.642520000,-79.427170000,10496
43.645370000,-79.413190000,9898
43.779600000,-79.304390000,15650
43.621020000,-79.500340000,11045
43.650910000,-79.397230000,9635
43.683700000,-79.415720000,12266
43.634099308,-79.556824332,11223
43.624360000,-79.511670000,17507
43.809190000,-79.221630000,13328
43.627180000,-79.558910000,12497
43.698380000,-79.511300000,10637
43.720309989,-79.511599645,15005
43.723560000,-79.336490000,10255
43.631430000,-79.429410000,27594
43.632436000,-79.410960000,22009
43.725600000,-79.448560000,10623
43.725747370,-79.447450815,9517
43.704960000,-79.494110000,35356
43.659930000,-79.583310000,9539
43.638530000,-79.538000000,23209
43.660510000,-79.387420000,11252
43.776680000,-79.250520000,12664
43.758660000,-79.347100000,22021
43.698630000,-79.539840000,12460
43.679840000,-79.322130000,8094
43.774690000,-79.252300000,22382
43.774250000,-79.295040000,14850
43.658190000,-79.386400000,9443
43.678950000,-79.551700000,10353
43.696550000,-79.297300000,7911
43.795031114,-79.216561709,16571
43.792910000,-79.215160000,16203
43.821420000,-79.316930000,27991
43.807730000,-79.376090000,20504
43.702490000,-79.387780000,18740
43.665650000,-79.485920000,12360
43.745520000,-79.614280000,13913
43.746890000,-79.622010000,14947
43.661820000,-79.517770000,13594
43.718780000,-79.518420000,16976
43.811645000,-79.269196000,15557
43.766020000,-79.191100000,20850
43.776593625,-79.254418095,12214
43.704260000,-79.397840000,16322
43.686790000,-79.412030000,10258
43.730720000,-79.288760000,23270
43.707380000,-79.395480000,11926
43.687980000,-79.363590000,19794
43.808870000,-79.262760000,12405
43.795490000,-79.419410000,23927
43.806570000,-79.218650000,14777
43.782600000,-79.490120000,27549
43.759730000,-79.331960000,14623
43.778590000,-79.255490000,14428
43.726150000,-79.318280000,32617
43.800054384,-79.144577233,16170
43.667270000,-79.312570000,14502
43.714390000,-79.336420000,19553
43.663180000,-79.361480000,9183
43.669650000,-79.375800000,8911
43.648260000,-79.370900000,12239
43.664400000,-79.325280000,9716
43.775590000,-79.189010000,10698
43.636190000,-79.493430000,6703
43.818461000,-79.304727000,20817
43.755680000,-79.224030000,14177
43.805140000,-79.265310000,16272
43.790840000,-79.445370000,18326
43.797030000,-79.424840000,22646
43.667170000,-79.401520000,10170
43.645710000,-79.519020000,16416
43.675950000,-79.470320000,15021
43.671777800,-79.471104800,13948
43.668970000,-79.404750000,9361
43.741830000,-79.454320000,32825
43.750280000,-79.463380000,43882
43.639940000,-79.387000000,22733
43.719120000,-79.508130000,20524
43.700330000,-79.397030000,13039
43.739370000,-79.303080000,9940
43.672200000,-79.593330000,21403
43.808660000,-79.311150000,17510
43.789880000,-79.457620000,23038
43.705420000,-79.398090000,10474
43.666560000,-79.385230000,5517
43.643980000,-79.388730000,9921
43.712720000,-79.506420000,22056
43.762220000,-79.226240000,15423
43.694630000,-79.486120000,28035
43.691110000,-79.483860000,20502
43.688390000,-79.482850000,27273
43.787990000,-79.208340000,10570
43.721350000,-79.545750000,18787
43.641490000,-79.432360000,8149
43.655260000,-79.413870000,7251
43.743700000,-79.491820000,14646
43.662250000,-79.472220000,9181
43.811790000,-79.334240000,13107
43.735550000,-79.578290000,8821
43.809900000,-79.257680000,19443
43.811064000,-79.279731000,14101
43.789720000,-79.140910000,11914
43.678950000,-79.474080000,16934
43.791750000,-79.248960000,12529
43.785940000,-79.276020000,15262
43.715030000,-79.449470000,14517
43.685980000,-79.481710000,15782
43.684170000,-79.527390000,13105
43.676864000,-79.591063000,4726
43.649060000,-79.367280000,6830
43.709770000,-79.474550000,19325
43.752080000,-79.262440000,19480
43.782800000,-79.290490000,14814
43.712630000,-79.391740000,14423
43.692890000,-79.288990000,9991
43.637110000,-79.426640000,6472
43.767300000,-79.491990000,20535
43.727580000,-79.449460000,17906
43.777362600,-79.146529200,7620
43.775880000,-79.343710000,27870
43.793180000,-79.352270000,18583
43.727360000,-79.327770000,10717
43.637865000,-79.458968000,37223
43.665650000,-79.387700000,10757
43.671290000,-79.376420000,8808
43.734690000,-79.601020000,13622
43.652260000,-79.380120000,7394
43.649920000,-79.391130000,9183
43.723682000,-79.324728000,10572
43.725210000,-79.326000000,10044
43.724775738,-79.323852972,30654
43.792810000,-79.324960000,11486
43.636969000,-79.507048000,11662
43.794450000,-79.436540000,21076
43.761009000,-79.219796900,16769
43.754392000,-79.298383000,19205
43.681839000,-79.467873500,12624
43.781910000,-79.173000000,6116
43.722990000,-79.509120000,18389
43.800530000,-79.206900000,9751
43.802080000,-79.217770000,15384
43.683960000,-79.320860000,10390
43.728260000,-79.453950000,14052
43.735600000,-79.442660000,19315
43.654360000,-79.383190000,9560
43.650540000,-79.479060000,11171
43.663710000,-79.380070000,8532
43.662440293,-79.591280057,16274
43.665060000,-79.393970000,12836
43.659770000,-79.594170000,14580
43.655870000,-79.598430000,17983
43.775550000,-79.252660000,19540
43.757890000,-79.603440000,23808
43.772034671,-79.537988688,21412
43.645750000,-79.400600000,7345
43.645290000,-79.389180000,10712
43.816190000,-79.324548000,17881
43.828300000,-79.287180000,19874
43.831070000,-79.275160000,26842
43.817969000,-79.271988000,23517
43.807047000,-79.288777000,13993
43.757960000,-79.337200000,18874
43.734100000,-79.609920000,17959
43.701860000,-79.407450000,11207
43.685820000,-79.324620000,7344
43.804250000,-79.168770000,9227
43.742490000,-79.567670000,12840
43.779780000,-79.251250000,9144
43.779189982,-79.253598312,7685
43.822480000,-79.312280000,24852
43.816220000,-79.314520000,11409
43.637750000,-79.433210000,9339
43.735070000,-79.617860000,20162
43.796150000,-79.261490000,19373
43.670440000,-79.459620000,7965
43.729250000,-79.251820000,10219
43.815687500,-79.281823000,20273
43.774350000,-79.526830000,22568
43.762535700,-79.556113600,8958
43.757240000,-79.475060000,10601
43.779710000,-79.342650000,4746
43.778653609,-79.341797913,17893
43.640660000,-79.540590000,14144
43.772590000,-79.358650000,17181
43.654320000,-79.378740000,8842
43.750920000,-79.598590000,10308
43.789485900,-79.323551000,10266
43.801428000,-79.274680000,12694
43.660550000,-79.414660000,8675
43.751960000,-79.467240000,19689
43.765740500,-79.541198800,6517
43.642270000,-79.565950000,7780
43.778447578,-79.259193242,12688
43.739940000,-79.245520000,12526
43.689540000,-79.439544000,8685
43.729890000,-79.418670000,22737
43.806400000,-79.337330000,14126
43.797170000,-79.149140000,17188
43.697940000,-79.593160000,6967
43.777960000,-79.469100000,21777
43.762850000,-79.456900000,8680
43.744290000,-79.595350000,10582
43.808920000,-79.202720000,13384
43.675170000,-79.415140000,12800
43.790100000,-79.211620000,10813
43.826910000,-79.275890000,13492
43.814630000,-79.292200000,20964
43.643260000,-79.375430000,15223
43.768600000,-79.554960000,19967
43.793310000,-79.241530000,12958
43.702370000,-79.452100000,16505
43.770690000,-79.492790000,11596
43.797773762,-79.197949120,16724
43.829841000,-79.280400000,16992
43.741110000,-79.485490000,18408
43.664500000,-79.458680000,13673
43.810780000,-79.312100000,11276
43.783463100,-79.266403000,14591
43.756260000,-79.588300000,6051
43.754050000,-79.600030000,6737
43.832740000,-79.267940000,22421
43.805200000,-79.226670000,11514
43.802280000,-79.400850000,20175
43.790550000,-79.401360000,8847
43.760567700,-79.566042200,7639
43.649355000,-79.356556000,11607
43.824000000,-79.247850000,27396
43.740370000,-79.405970000,21319
43.744030000,-79.215580000,11823
43.691780000,-79.467870000,14067
43.792070000,-79.447640000,19528
43.820720000,-79.294910000,13379
43.801870000,-79.294290000,18980
43.821320000,-79.284330000,10817
43.794680000,-79.234910000,21065
43.787910000,-79.183240000,8083
43.743290000,-79.582100000,22468
43.669490000,-79.492790000,12246
43.822520000,-79.273970000,14230
43.784540000,-79.168720000,7477
43.779630000,-79.136690000,8095
43.667640000,-79.372190000,7234
43.785770000,-79.289450000,21580
43.691530000,-79.597660000,8331
43.827280000,-79.291740000,18519
43.640540000,-79.392940000,22600
43.643391500,-79.391253000,15189
43.719810000,-79.300600000,12250
43.820129600,-79.262052700,16707
43.836630000,-79.251160000,29314
43.800300000,-79.199080000,24953
43.731880000,-79.305590000,15720
43.812140000,-79.301930000,30650
43.816340000,-79.227520000,11247
43.641950000,-79.374610000,9669
43.649350000,-79.393660000,8832
43.756770000,-79.520700000,25268
43.646730000,-79.514540000,15344
43.777340000,-79.285610000,29744
43.635680000,-79.398290000,7829
43.659800000,-79.409040000,10369
43.708120000,-79.531960000,10787
43.684200000,-79.451690000,8419
43.815500000,-79.231510000,9968
43.800580000,-79.299630000,16181
43.745510000,-79.252020000,10637
43.793480000,-79.441020000,21646
43.680620000,-79.466440000,7427
43.816322600,-79.211156400,12264
43.764300000,-79.287720000,22109
43.657520000,-79.389520000,25653
43.705210000,-79.550430000,20402
43.677390000,-79.445650000,7834
43.769660000,-79.549600000,17754
43.771560000,-79.540620000,22747
43.686520000,-79.441600000,7779
43.790170000,-79.173380000,6129
43.764850000,-79.501290000,7493
43.764110000,-79.488260000,16447
43.724040000,-79.296910000,11958
43.817920000,-79.332090000,28633
43.720420000,-79.612640000,20860
43.820270000,-79.246190000,22030
43.685430000,-79.419220000,17156
43.740650000,-79.418180000,13556
43.663920000,-79.503490000,18746
43.705690000,-79.490910000,18305
43.765467009,-79.466139078,42055
43.715010000,-79.392640000,14627
43.768438000,-79.542328800,6137
43.641450000,-79.415010000,11884
43.698940000,-79.459420000,10128
43.813341400,-79.206383700,11748
43.762920000,-79.404750000,22990
43.760450100,-79.570078900,5614
43.801820000,-79.329670000,11058
43.824975000,-79.286020000,9588
43.800930000,-79.150570000,6605
43.724634000,-79.491089000,17209
43.684910000,-79.351900000,7907
43.725096000,-79.286521000,15487
43.790579500,-79.269966200,13883
43.783460000,-79.407860000,12377
43.676400000,-79.593300000,18493
43.656190000,-79.427410000,5859
43.734398664,-79.342655540,22102
43.649630000,-79.382130000,8550
43.783336800,-79.399307300,17192
43.687640000,-79.423640000,5240
43.692200000,-79.448790000,12966
43.713110000,-79.367240000,18249
43.814367675,-79.324533194,9826
43.723740000,-79.379470000,26357
43.753630000,-79.587040000,8342
43.675560000,-79.442060000,11907
43.682190000,-79.423350000,8350
43.648720000,-79.606320000,14635
43.707540000,-79.482440000,18067
43.742260000,-79.293460000,16276
43.807910000,-79.219750000,10803
43.750960000,-79.585740000,10272
43.693260000,-79.478490000,8666
43.729520000,-79.266800000,9785
43.758230000,-79.425810000,15996
43.750690000,-79.549020000,19878
43.693038400,-79.280102000,11703
43.753530000,-79.448060000,14838
43.744340000,-79.488830000,12853
43.730952500,-79.465488300,14648
43.716590000,-79.592690000,19529
43.680560000,-79.287050000,11790
43.793565600,-79.154619600,5087
43.803882000,-79.298174000,16802
43.783270000,-79.487300000,25173
43.704570000,-79.477100000,13698
43.750840000,-79.460770000,19848
43.704720000,-79.504270000,17020
43.644220000,-79.525600000,13882
43.719610000,-79.414860000,20887
43.767690000,-79.545920000,11656
43.707930000,-79.311060000,15499
43.707680000,-79.302630000,12213
43.644733400,-79.391776200,6090
43.663850000,-79.410680000,15950
43.797220000,-79.294320000,17153
43.827390000,-79.265240000,11917
43.807340000,-79.175520000,7182
43.792500000,-79.163540000,5216
43.651640000,-79.474080000,11287
43.599350000,-79.511860000,8594
43.855450000,-79.170250000,12685
43.651199000,-79.384908900,8557
43.758500000,-79.300020000,22133
43.785650000,-79.424090000,9696
43.701390000,-79.520650000,9264
43.798262134,-79.165952537,8454
43.759310000,-79.227740000,20575
43.659520000,-79.419520000,8060
43.668810000,-79.337540000,8796
43.759530000,-79.464980000,26863
43.810570000,-79.213920000,5420
43.749700000,-79.264450000,11310
43.770205000,-79.278729000,13077
43.771740000,-79.283230000,30654
43.740360000,-79.249900000,10557
43.768540000,-79.416290000,13398
43.766410000,-79.425700000,8577
43.713320000,-79.458570000,15450
43.804500000,-79.224210000,6144
43.731010000,-79.250600000,10651
43.818430000,-79.329900000,27754
43.825080000,-79.275140000,11373
43.678950000,-79.438670000,6392
43.765490000,-79.199460000,13299
43.758480000,-79.570640000,11973
43.643420000,-79.405240000,9966
43.655390000,-79.456960000,12445
43.709450000,-79.292920000,14074
43.738950000,-79.259950000,10201
43.710570000,-79.308980000,13329
43.672180185,-79.418755749,12582
43.755420000,-79.277140000,19181
43.744380000,-79.405260000,14132
43.790210000,-79.234150000,14371
43.658260000,-79.398170000,10110
43.757390000,-79.438920000,18171
43.771110000,-79.520900000,13069
43.812240000,-79.225700000,9110
43.661660000,-79.462940000,10494
43.668210000,-79.586810000,17831
43.759490000,-79.518220000,15030
43.830590000,-79.250650000,23372
43.665240000,-79.377880000,14043
43.799650000,-79.303400000,13963
43.776420000,-79.517040000,22814
43.783910000,-79.231820000,7913
43.628150000,-79.494570000,12464
43.739390000,-79.423840000,13738
43.772720000,-79.187810000,9566
43.695485000,-79.402394000,18852
43.798100000,-79.309940000,15402
43.730890000,-79.273870000,19446
43.659030000,-79.421870000,7429
43.695960000,-79.328780000,9473
43.639760000,-79.440950000,7495
43.655610000,-79.358400000,6068
43.640283676,-79.383386674,7069
43.701520000,-79.423140000,15671
43.785444141,-79.267174155,11962
43.760300726,-79.503346682,20537
43.763940000,-79.408620000,10340
43.769450000,-79.364300000,27587
43.785429000,-79.321806000,9768
43.799240000,-79.212940000,8689
43.642970000,-79.381470000,15023
43.780620000,-79.286940000,24995
43.670050000,-79.466460000,15305
43.768958000,-79.266512000,17317
43.735970000,-79.220270000,20101
43.664660000,-79.402730000,10680
43.661300000,-79.401400000,9628
43.742176000,-79.272048500,14562
43.823284000,-79.253612800,7738
43.786210000,-79.474710000,24942
43.670120000,-79.521360000,12434
43.733040000,-79.381240000,26528
43.680160000,-79.443930000,12211
43.737580000,-79.420600000,20973
43.713980000,-79.411850000,20236
43.712100000,-79.411670000,16685
43.648400000,-79.525050000,17848
43.778550000,-79.405810000,10548
43.774280000,-79.473370000,10105
43.776830000,-79.474440000,9463
43.762607000,-79.294705000,20900
43.805552000,-79.220863000,5901
43.783840000,-79.470140000,19133
43.785550000,-79.206230000,9464
43.701100000,-79.512100000,13103
43.784170000,-79.395520000,16397
43.650300000,-79.415950000,11987
43.796480000,-79.355190000,16364
43.762653100,-79.413788700,10844
43.626010000,-79.479700000,12520
43.672430000,-79.562230000,8033
43.803140000,-79.194880000,16800
43.818791000,-79.215019000,10386
43.807798000,-79.215605000,5498
43.795600000,-79.230280000,10368
43.818430000,-79.239830000,10069
43.727040000,-79.291480000,29467
43.718280000,-79.455640000,17066
43.755490000,-79.614090000,33940
43.801450000,-79.263770000,14927
43.724010000,-79.494110000,15549
43.723470000,-79.572330000,8900
43.822932378,-79.177448899,5654
43.775760000,-79.234980000,13825
43.708050000,-79.341360000,14252
43.769737100,-79.410790800,11120
43.654820000,-79.380280000,5644
43.692670000,-79.544670000,13772
43.698992881,-79.513050914,8934
43.651150000,-79.458510000,13710
43.640968760,-79.454627037,13178
43.646217000,-79.398129000,6505
43.648930000,-79.404650000,9841
43.665703610,-79.496920312,14306
43.663400000,-79.309690000,13170
43.686000000,-79.356270000,8093
43.788943000,-79.280036000,10076
43.805140000,-79.326350000,9645
43.810060000,-79.306330000,10889
43.617510000,-79.498930000,8244
43.803420000,-79.341830000,7365
43.784000000,-79.285000000,15001
43.759630000,-79.412110000,6440
43.743410000,-79.383260000,22602
43.715576198,-79.243541543,18318
43.739600000,-79.235250000,20519
43.771970000,-79.261870000,17012
43.778650000,-79.140790000,6264
43.665970000,-79.314270000,7506
43.814960745,-79.344200812,28023
43.813640000,-79.340480000,12962
43.661120000,-79.475200000,7466
43.613630000,-79.560370000,21270
43.707030000,-79.345660000,10759
43.632800000,-79.573400000,10736
43.702730000,-79.315680000,19267
43.719990000,-79.426640000,14129
43.780720000,-79.131590000,3522
43.700270000,-79.276080000,6587
43.644654715,-79.558876455,7316
43.648550000,-79.345020000,4750
43.652650000,-79.335560000,5309
43.656550000,-79.326350000,6556
43.649842000,-79.370320000,7485
43.687950000,-79.286970000,12033
43.646780000,-79.530520000,11830
43.733760000,-79.606730000,10162
43.712900000,-79.359080000,10837
43.690810000,-79.290250000,12898
43.641010000,-79.417270000,10301
43.659460348,-79.513578197,18788
43.673600000,-79.549300000,11307
43.743260000,-79.586760000,13132
43.659659000,-79.333166000,11098
43.633270000,-79.415280000,1485
43.804050000,-79.392780000,20322
43.790840000,-79.363060000,16239
43.623190000,-79.516770000,17766
43.658612000,-79.453102000,9752
43.656830000,-79.358890000,6877
43.753540000,-79.357500000,19385
43.646960000,-79.537550000,13922
43.701930000,-79.464340000,17328
43.749610000,-79.487580000,14554
43.700090000,-79.286710000,7836
43.613090000,-79.552280000,9713
43.728480000,-79.284810000,19273
43.676840000,-79.564190000,12097
43.732840000,-79.455320000,17180
43.730040000,-79.458370000,17472
43.781922700,-79.478151000,9916
43.776490000,-79.347560000,19187
43.651350000,-79.410910000,8875
43.639320000,-79.451290000,13888
43.663242000,-79.467636000,7493
43.692850000,-79.414410000,7370
43.755022000,-79.309359000,13103
43.645210000,-79.403210000,11906
43.744950000,-79.582880000,19194
43.630880000,-79.517740000,16364
43.722180000,-79.584980000,9656
43.640670000,-79.582020000,16330
43.720386000,-79.394925000,9463
43.688678457,-79.299528301,12920
43.619230000,-79.526040000,24251
43.686870000,-79.513120000,10826
43.618850000,-79.536250000,20221
43.650192000,-79.362162000,8833
43.715240000,-79.448400000,15437
43.800050000,-79.284680000,11044
43.753250000,-79.526010000,7394
43.799790000,-79.196770000,7500
43.697510000,-79.544920000,15775
43.786142000,-79.139429000,7603
43.807670000,-79.232620000,6725
43.749720000,-79.610460000,16730
43.656300000,-79.379550000,8889
43.772030000,-79.493190000,10081
43.711490000,-79.358500000,8998
43.718820000,-79.583410000,10232
43.640190000,-79.421270000,9466
43.767470000,-79.385000000,22825
43.764460714,-79.318369465,30965
43.788240000,-79.465370000,24345
43.670120000,-79.299810000,10038
43.635510000,-79.406700000,25651
43.636400000,-79.406820000,7407
43.638870000,-79.400620000,11653
43.665540000,-79.473460000,11186
43.734090000,-79.558240000,12540
43.696760000,-79.334210000,17289
43.698974575,-79.323830709,16176
43.810780000,-79.242930000,21432
43.616051492,-79.557155618,11001
43.663018000,-79.420904000,7837
43.658980000,-79.428530000,6818
43.688640000,-79.391490000,15672
43.660140000,-79.328850000,10614
43.635883246,-79.473179522,2452
43.679750000,-79.294510000,10763
43.659100000,-79.439180000,12219
43.652130000,-79.448010000,11264
43.672060000,-79.429820000,5284
43.651990000,-79.421730000,6627
43.651590000,-79.603130000,16600
43.617140000,-79.543470000,24831
43.720710000,-79.288720000,6961
43.799020000,-79.202290000,9855
43.672350000,-79.503990000,10831
43.627270000,-79.479060000,13928
43.680510000,-79.390920000,15189
43.695062031,-79.555315822,14480
43.730060000,-79.604930000,8980
43.727860000,-79.383560000,12944
43.728450000,-79.386540000,13912
43.748100000,-79.584380000,9297
43.664390000,-79.306240000,11567
43.678450000,-79.358430000,8937
43.739080000,-79.576180000,14762
43.841040000,-79.232240000,11447
43.669200000,-79.391890000,10428
43.769780000,-79.374180000,17247
43.603233800,-79.538500200,6526
43.813880000,-79.295000000,12440
43.730130000,-79.588550000,9988
43.740195049,-79.583272487,12281
43.652815700,-79.371570000,8880
43.654280000,-79.365290000,13355
43.651600000,-79.371080000,9398
43.652990000,-79.364750000,8428
43.650730000,-79.370700000,6632
43.652140000,-79.364400000,5522
43.650652700,-79.366682000,10245
43.651290000,-79.364010000,10718
43.646720000,-79.406540000,10538
43.646980000,-79.417150000,3069
43.675709000,-79.305939000,11640
43.709630000,-79.390590000,13719
43.714960000,-79.334200000,5012
43.741171085,-79.422417756,22435
43.774110000,-79.412520000,10252
43.842590000,-79.225810000,11534
43.753060000,-79.625110000,16258
43.640560000,-79.436990000,12715
43.779170000,-79.418490000,15640
43.774730000,-79.265830000,9468
43.638230000,-79.430900000,9259
43.746590000,-79.460180000,29471
43.658890000,-79.368570000,6416
43.806290000,-79.180398000,8809
43.640358000,-79.388837000,6011
43.685900000,-79.405350000,8398
43.663750000,-79.370500000,5057
43.631640000,-79.427240000,5836
43.620530000,-79.483260000,9027
43.716760000,-79.378110000,22384
43.732864400,-79.278897700,13113
43.757730000,-79.464970000,23942
43.659700000,-79.396610000,4436
43.703640000,-79.500020000,9487
43.687550000,-79.348090000,8566
43.684240000,-79.413460000,11903
43.787814000,-79.190620000,7669
43.602270000,-79.498490000,7412
43.630870000,-79.482070000,20017
43.756970000,-79.245620000,15900
43.687390000,-79.549750000,8082
43.692640000,-79.517450000,8318
43.732160000,-79.609220000,9641
43.666090000,-79.499250000,14087
43.709940000,-79.269310000,7566
43.647300000,-79.373290000,4006
43.664660000,-79.380470000,8481
43.664930000,-79.501470000,19085
43.715500000,-79.555280000,13323
43.773277574,-79.251751453,20670
43.647490000,-79.398650000,5219
43.668240000,-79.487040000,13096
43.671640000,-79.292630000,8708
43.671920000,-79.379070000,13424
43.693609000,-79.348240000,7141
43.670900000,-79.475220000,11724
43.777330000,-79.261280000,21537
43.780180000,-79.301850000,13166
43.691170000,-79.536208000,7883
43.793310000,-79.281860000,12449
43.824129268,-79.305040240,18557
43.631310000,-79.475550000,6266
43.661600000,-79.380700000,8517
43.662820000,-79.379730000,9467
43.748050000,-79.628760000,13276
43.785350000,-79.478350000,22949
43.768360000,-79.370520000,3003
43.625180000,-79.489250000,7957
43.769360000,-79.366160000,4825
43.770930000,-79.498320000,5073
43.825890000,-79.243080000,10607
43.827290000,-79.234670000,8986
43.823050000,-79.230090000,8262
43.819770000,-79.221080000,10521
43.799180000,-79.316940000,10528
43.819990000,-79.298100000,8111
43.791100000,-79.291720000,18702
43.746540000,-79.231070000,6586
43.773020000,-79.281520000,7184
43.723010000,-79.601020000,5874
43.680840000,-79.566060000,10896
43.669300000,-79.303500000,9545
43.692090000,-79.557590000,8395
43.763470000,-79.237500000,11700
43.751520000,-79.313000000,18080
43.782659556,-79.416247308,24650
43.719560000,-79.468610000,12328
43.722590000,-79.547440000,17521
43.748860000,-79.253410000,12346
43.765180000,-79.284010000,22482
43.709720000,-79.534460000,13478
43.736060000,-79.258760000,10493
43.730000000,-79.291950000,7898
43.724290000,-79.290270000,5127
43.705260000,-79.577140000,11687
43.747780000,-79.632450000,11876
43.804230000,-79.190150000,11952
43.720880000,-79.430140000,18665
43.732180000,-79.419370000,18797
43.770020000,-79.502480000,11330
43.772580000,-79.511400000,11406
43.771890000,-79.513720000,10330
43.639730000,-79.423580000,8970
43.721540000,-79.558090000,14048
43.666370000,-79.405330000,8636
43.665590000,-79.478970000,10762
43.658570000,-79.375110000,14566
43.673710000,-79.411820000,12326
43.650430000,-79.388580000,7554
43.647740000,-79.401410000,6802
43.637040000,-79.447530000,14539
43.741040000,-79.503780000,12045
43.816080000,-79.292880000,10958
43.775532909,-79.335107803,21583
43.738680000,-79.281260000,14800
43.807400000,-79.316540000,13289
43.640770000,-79.391580000,7773
43.664910000,-79.455490000,9816
43.780590000,-79.247020000,5577
43.733380000,-79.248670000,10664
43.744110000,-79.283430000,14201
43.768350000,-79.260770000,13226
43.758980000,-79.289490000,16592
43.755620000,-79.266530000,12002
43.685470000,-79.274380000,11176
43.804120000,-79.371380000,12400
43.774793249,-79.437928967,14399
43.761210000,-79.324020000,10092
43.704370000,-79.496650000,12510
43.768440000,-79.380290000,17587
43.769540000,-79.186430000,8763
43.727428663,-79.381836477,7363
43.754860000,-79.360410000,25050
43.631320000,-79.429410000,12463
43.810880000,-79.252900000,16266
43.767040000,-79.475180000,5225
43.659670000,-79.399930000,13806
43.644287000,-79.394559000,12364
43.741020000,-79.580960000,11881
43.730540000,-79.575830000,13562
43.746020000,-79.541120000,8706
43.649780000,-79.433640000,12271
43.657570269,-79.515965134,18524
43.653000000,-79.524890000,16142
43.716180000,-79.293580000,26928
43.751800000,-79.463690000,22058
43.771900000,-79.467660000,10065
43.771226000,-79.472157000,2023
43.766346000,-79.494262000,3756
43.771137077,-79.497116775,3982
43.774466559,-79.497001204,20431
43.717574847,-79.429611429,6914
43.632630916,-79.425127395,6794
43.608580000,-79.490320000,6789
43.611160000,-79.490000000,11809
43.725720000,-79.573400000,11810
43.741190000,-79.539970000,12809
43.721720000,-79.571480000,13289
43.740585524,-79.585669041,14307
43.674073213,-79.469559749,9851
43.780070000,-79.414250000,5622
43.645257315,-79.352682237,15814
43.612574261,-79.540461459,10961
43.700592130,-79.581344712,7643
43.735467000,-79.290688000,14910
43.694314423,-79.289590716,9633
43.777153018,-79.427259907,15021
43.690337896,-79.448286576,15691
43.642183279,-79.509469529,10851
43.693250000,-79.504660000,6812
43.726157000,-79.622225000,7890
43.833396648,-79.251221457,23281
43.700806091,-79.469645418,7108
43.799436002,-79.320298071,5174
43.806146481,-79.225610566,6019
43.834910000,-79.251069000,24156
43.835825436,-79.254536997,13073
43.834302000,-79.261150000,13293
43.816115000,-79.322537000,3793
43.797542886,-79.413980744,7408
43.806835789,-79.310571369,10794
43.725303581,-79.276234441,8347
43.781342103,-79.137631135,6168
43.727672851,-79.277254611,9729
43.724397240,-79.243174417,5715
43.706420000,-79.289420000,6099
43.766610000,-79.185630000,5515
43.764261409,-79.216641447,6972
43.764870000,-79.184860000,5011
43.773207853,-79.220276467,6015
43.748650000,-79.231920000,5316
43.835190752,-79.257275016,12872
43.784390000,-79.416660000,25243
43.744044538,-79.300756939,20967
43.691980000,-79.318170000,5772
43.639261000,-79.410864000,12200
43.656880000,-79.356260000,4535
43.637320000,-79.397230000,23987
43.667879418,-79.379245227,12529
43.623774357,-79.483187199,13569
43.679310000,-79.525270000,11434
43.740602933,-79.218056672,7831
43.758914454,-79.197786722,22524
43.776940000,-79.413170000,7014
43.732958864,-79.346925633,6333
43.682901000,-79.365943000,16607
43.739080000,-79.592790000,7704
43.746610000,-79.596470000,7966
43.688240000,-79.569340000,10059
43.679968903,-79.433846907,9127
43.795902962,-79.413300573,8158
43.695640000,-79.284780000,4328
43.809225078,-79.271400431,2481
43.642390000,-79.384030000,6151
43.693503210,-79.598849394,6621
43.730854463,-79.599644930,7139
43.715560000,-79.568520000,10711
43.696608693,-79.490936658,6354
43.665427433,-79.470588659,10253
43.694153200,-79.534747600,5783
43.689210000,-79.540830000,6889
43.634475900,-79.567201400,13433
43.639774400,-79.544476400,10416
43.669180000,-79.560740000,6377
43.664390000,-79.558580000,6733
43.649429800,-79.568681000,5947
43.807158451,-79.332348169,12144
43.792100000,-79.195490000,18097
43.719581766,-79.247289106,10565
43.720892906,-79.349645376,19745
43.708495348,-79.362993986,12669
43.772604540,-79.274524748,11557
43.771394996,-79.208952514,3300
43.718594000,-79.273116000,7130
43.710261376,-79.264619350,10216
43.727413000,-79.233407000,6273
43.734819575,-79.301437639,10380
43.758902900,-79.214926000,5375
43.731376053,-79.300021297,10670
43.814407100,-79.286746200,12170
43.816786700,-79.276917600,9668
43.795991800,-79.165024200,5960
43.807974000,-79.256290200,8621
43.798751400,-79.328282000,6743
43.789742757,-79.404968619,7167
43.631080000,-79.415553000,21367
43.719128000,-79.516779000,16172
43.652433706,-79.360906587,9522
43.747990000,-79.462420000,29541
43.684584000,-79.297304000,11609
43.693539400,-79.311579300,5614
43.754508000,-79.443284000,15906
43.805551000,-79.211562000,2748
43.726765222,-79.350632429,17086
43.613540000,-79.536310000,10375
43.702410000,-79.523740000,7939
43.629320000,-79.477920000,7324
43.654296000,-79.406841000,10334
43.757001100,-79.310442000,10142
43.816962000,-79.224437700,7028
43.646960000,-79.419830000,5191
43.635932500,-79.519779700,17753
43.765575600,-79.302233300,26701
43.704472600,-79.269656100,8222
43.742126900,-79.282652600,14072
43.739700000,-79.509670000,12808
43.649610000,-79.429800000,8408
43.734837000,-79.354340000,14164
43.780548000,-79.432753000,4454
43.781915000,-79.423911000,4909
43.664810000,-79.355210000,8039
43.777480000,-79.443950000,21210
43.812660000,-79.291300000,12410
43.810750000,-79.301297000,15862
43.771262000,-79.229790000,16976
43.661680000,-79.389890000,10185
43.727503000,-79.480028000,18967
43.805000000,-79.186650000,11236
43.728580000,-79.482470000,20243
43.731865600,-79.511257400,14363
43.725922000,-79.485461000,11970
43.697310000,-79.527430000,5847
43.737860000,-79.520120000,11842
43.700850000,-79.503220000,16521
43.777718000,-79.511093000,23809
43.773320000,-79.246230000,15139
43.778930000,-79.275440000,10778
43.810360000,-79.220030000,4778
43.773312000,-79.416196000,7449
43.771165000,-79.416588000,5833
43.798131000,-79.269608000,8310
43.760450000,-79.487310000,4630
43.766976000,-79.489708000,3016
43.776450000,-79.417340000,8164
43.678220000,-79.390000000,13003
43.794850000,-79.219610000,6089
43.796931000,-79.272693000,14962
43.619120000,-79.555270000,10004
43.750420000,-79.244420000,13136
43.673046000,-79.472209000,4240
43.749850000,-79.639290000,29577
43.641450000,-79.398820000,5875
43.646814000,-79.430379000,8849
43.664817000,-79.391122000,10549
43.762120000,-79.258330000,13987
43.660267000,-79.415841000,8789
43.783320000,-79.170620000,4889
43.722700000,-79.255664000,10715
43.765777902,-79.409081787,8357
43.705290000,-79.361480000,13845
43.721814000,-79.274485000,9087
43.636654000,-79.438553000,5774
43.767039000,-79.501185000,6160
43.759258000,-79.597022000,18164
43.747310000,-79.564383000,15773
43.644092000,-79.481907000,10267
43.641464000,-79.557686000,10997
43.632309000,-79.553688000,8575
43.784094000,-79.297152000,4677
43.756079000,-79.314615000,20133
43.651875000,-79.369856000,8624
43.642696000,-79.437452000,6127
43.694396000,-79.308279000,5471
43.666490000,-79.375829000,6199
43.645156000,-79.365500000,6142
43.723940100,-79.447804300,5496
43.723273700,-79.450823900,4737
43.641913700,-79.404066900,13974
43.714339000,-79.452380000,12634
43.650654000,-79.443039000,13910
43.714761000,-79.585239000,17241
43.722556000,-79.500476000,14968
43.670549000,-79.389803000,11291
43.671922600,-73.389641900,7803
43.733636000,-79.590410000,9306
43.771587000,-79.454430000,14814
43.696138000,-79.520892000,8437
43.712225000,-79.478857000,18937
43.669371000,-79.591652000,20163
43.637670000,-79.391910000,8423
43.637832657,-79.390966787,7022
43.638797516,-79.386772414,6665
43.639449055,-79.382923973,7181
43.639907613,-79.380398764,9230
43.641096271,-79.377041249,11043
43.636616078,-79.396928931,5781
43.718305685,-79.331606835,5921
43.644885202,-79.478592235,6488
43.711966953,-79.330475881,7447
43.676947200,-79.489360300,8780
43.825259163,-79.196812207,1081
43.818186976,-79.173580043,1982
